{"text": "\u6211\u89c9\u5f97\u8fd9\u4e2a\u8ba1\u5212\u5927\u6982\u662f\u53ef\u884c\u7684\u4e0d\u8fc7\u8fd8\u9700\u8981\u518d\u4ed4\u7ec6\u8003\u8651\u4e00\u4e0b", "segments": [{"id": 0, "seek": 0, "start": 0.0, "end": 2.04, "text": "\u6211\u89c9\u5f97\u8fd9\u4e2a\u8ba1\u5212\u5927\u6982\u662f\u53ef\u884c\u7684", "tokens": [50365, 45681, 15368, 7422, 94, 2437, 240, 32044, 1541, 4429, 8082, 1546, 50467], "temperature": 0.0, "avg_logprob": -0.09843107632228307, "compression_ratio": 0.872093023255814, "no_speech_prob": 8.594067298084429e-12}, {"id": 1, "seek": 0, "start": 2.04, "end": 4.44, "text": "\u4e0d\u8fc7\u8fd8\u9700\u8981\u518d\u4ed4\u7ec6\u8003\u8651\u4e00\u4e0b", "tokens": [50467, 1960, 16866, 14852, 35748, 8623, 49385, 10115, 228, 26504, 12026, 239, 8861, 50587], "temperature": 0.0, "avg_logprob": -0.09843107632228307, "compression_ratio": 0.872093023255814, "no_speech_prob": 8.594067298084429e-12}], "language": "zh"}